<?xml version="1.0" encoding="UTF-8"?>
<GenRun Id="system_xbar_0_synth_1" LaunchPart="xc7s15ftgb196-1" LaunchTime="1596113422">
  <File Type="PA-TCL" Name="system_xbar_0.tcl"/>
  <File Type="REPORTS-TCL" Name="system_xbar_0_reports.tcl"/>
  <File Type="RDS-RDS" Name="system_xbar_0.vds"/>
  <File Type="RDS-UTIL" Name="system_xbar_0_utilization_synth.rpt"/>
  <File Type="RDS-UTIL-PB" Name="system_xbar_0_utilization_synth.pb"/>
  <File Type="RDS-DCP" Name="system_xbar_0.dcp"/>
  <FileSet Name="sources" Type="BlockSrcs" RelSrcDir="$PSRCDIR/system_xbar_0">
    <File Path="$PSRCDIR/sources_1/bd/system/ip/system_xbar_0/system_xbar_0.xci">
      <FileInfo>
        <Attr Name="UsedIn" Val="synthesis"/>
        <Attr Name="UsedIn" Val="implementation"/>
        <Attr Name="UsedIn" Val="simulation"/>
      </FileInfo>
    </File>
    <Config>
      <Option Name="TopModule" Val="system_xbar_0"/>
      <Option Name="UseBlackboxStub" Val="1"/>
    </Config>
  </FileSet>
  <FileSet Name="constrs_in" Type="BlockSrcs" RelSrcDir="$PSRCDIR/system_xbar_0">
    <File Path="$PSRCDIR/sources_1/bd/system/ip/system_xbar_0/system_xbar_0.xci">
      <FileInfo>
        <Attr Name="UsedIn" Val="synthesis"/>
        <Attr Name="UsedIn" Val="implementation"/>
        <Attr Name="UsedIn" Val="simulation"/>
      </FileInfo>
    </File>
    <Config>
      <Option Name="TopModule" Val="system_xbar_0"/>
      <Option Name="UseBlackboxStub" Val="1"/>
    </Config>
  </FileSet>
  <FileSet Name="utils" Type="Utils" RelSrcDir="$PSRCDIR/utils_1">
    <Filter Type="Utils"/>
    <Config>
      <Option Name="TopAutoSet" Val="TRUE"/>
    </Config>
  </FileSet>
  <Strategy Version="1" Minor="2">
    <StratHandle Name="Vivado Synthesis Defaults" Flow="Vivado Synthesis 2018"/>
    <Step Id="synth_design"/>
  </Strategy>
</GenRun>
