<?xml version="1.0"?>
<Runs Version="1" Minor="0">
	<Run Id="system_rgb_test_0_1_synth_1" LaunchDir="C:/Users/wuxia/Desktop/new/Digital-Recognition-master/project/spartan_cam.runs/system_rgb_test_0_1_synth_1" FlowId="Vivado_Synthesis" FromStepId="vivado" ToStepId="vivado"/>
	<Run Id="system_digital_recognition_0_0_synth_1" LaunchDir="C:/Users/wuxia/Desktop/new/Digital-Recognition-master/project/spartan_cam.runs/system_digital_recognition_0_0_synth_1" FlowId="Vivado_Synthesis" FromStepId="vivado" ToStepId="vivado"/>
	<Run Id="impl_1" LaunchDir="C:/Users/wuxia/Desktop/new/Digital-Recognition-master/project/spartan_cam.runs/impl_1" FlowId="Vivado_Implementation" FromStepId="init_design" ToStepId="route_design">
		<Parent Id="system_rgb_test_0_1_synth_1"/>
		<Parent Id="system_digital_recognition_0_0_synth_1"/>
	</Run>
	<Parameters>
		<Parameter Name="runs.monitorLSFJobs" Val="true" Type="bool"/>
	</Parameters>
</Runs>

