<?xml version="1.0" encoding="UTF-8"?>
<GenRun Id="synth_1" LaunchPart="xc7s15ftgb196-1" LaunchTime="1596605803">
  <File Type="PA-TCL" Name="system_wrapper.tcl"/>
  <File Type="REPORTS-TCL" Name="system_wrapper_reports.tcl"/>
  <File Type="RDS-RDS" Name="system_wrapper.vds"/>
  <File Type="RDS-UTIL" Name="system_wrapper_utilization_synth.rpt"/>
  <File Type="RDS-UTIL-PB" Name="system_wrapper_utilization_synth.pb"/>
  <File Type="RDS-DCP" Name="system_wrapper.dcp"/>
  <FileSet Name="sources" Type="DesignSrcs" RelSrcDir="$PSRCDIR/sources_1">
    <Filter Type="Srcs"/>
    <File Path="$PSRCDIR/sources_1/ip/blk_mem_gen_0/blk_mem_gen_0.xci">
      <FileInfo>
        <Attr Name="UsedIn" Val="synthesis"/>
        <Attr Name="UsedIn" Val="implementation"/>
        <Attr Name="UsedIn" Val="simulation"/>
      </FileInfo>
    </File>
    <File Path="$PSRCDIR/sources_1/new/csi2dvp.v">
      <FileInfo>
        <Attr Name="UsedIn" Val="synthesis"/>
        <Attr Name="UsedIn" Val="implementation"/>
        <Attr Name="UsedIn" Val="simulation"/>
      </FileInfo>
    </File>
    <File Path="$PSRCDIR/sources_1/ip/blk_mem_gen_1/blk_mem_gen_1.xci">
      <FileInfo>
        <Attr Name="UsedIn" Val="synthesis"/>
        <Attr Name="UsedIn" Val="implementation"/>
        <Attr Name="UsedIn" Val="simulation"/>
      </FileInfo>
    </File>
    <File Path="$PSRCDIR/sources_1/new/bayer2rgb.v">
      <FileInfo>
        <Attr Name="UsedIn" Val="synthesis"/>
        <Attr Name="UsedIn" Val="implementation"/>
        <Attr Name="UsedIn" Val="simulation"/>
      </FileInfo>
    </File>
    <File Path="$PSRCDIR/sources_1/imports/new/hdmi_num_test.v">
      <FileInfo>
        <Attr Name="ImportPath" Val="$PPRDIR/../../../../../dell/Desktop/temp_proj/hdmi_num_test/hdmi_num_test.srcs/sources_1/new/hdmi_num_test.v"/>
        <Attr Name="ImportTime" Val="1563176645"/>
        <Attr Name="UsedIn" Val="synthesis"/>
        <Attr Name="UsedIn" Val="implementation"/>
        <Attr Name="UsedIn" Val="simulation"/>
      </FileInfo>
    </File>
    <File Path="$PSRCDIR/sources_1/imports/new/num0.v">
      <FileInfo>
        <Attr Name="ImportPath" Val="$PPRDIR/../../../../../dell/Desktop/temp_proj/hdmi_num_test/hdmi_num_test.srcs/sources_1/new/num0.v"/>
        <Attr Name="ImportTime" Val="1563160651"/>
        <Attr Name="UsedIn" Val="synthesis"/>
        <Attr Name="UsedIn" Val="implementation"/>
        <Attr Name="UsedIn" Val="simulation"/>
      </FileInfo>
    </File>
    <File Path="$PSRCDIR/sources_1/imports/new/num1.v">
      <FileInfo>
        <Attr Name="ImportPath" Val="$PPRDIR/../../../../../dell/Desktop/temp_proj/hdmi_num_test/hdmi_num_test.srcs/sources_1/new/num1.v"/>
        <Attr Name="ImportTime" Val="1563161829"/>
        <Attr Name="UsedIn" Val="synthesis"/>
        <Attr Name="UsedIn" Val="implementation"/>
        <Attr Name="UsedIn" Val="simulation"/>
      </FileInfo>
    </File>
    <File Path="$PSRCDIR/sources_1/imports/new/num2.v">
      <FileInfo>
        <Attr Name="ImportPath" Val="$PPRDIR/../../../../../dell/Desktop/temp_proj/hdmi_num_test/hdmi_num_test.srcs/sources_1/new/num2.v"/>
        <Attr Name="ImportTime" Val="1563161423"/>
        <Attr Name="UsedIn" Val="synthesis"/>
        <Attr Name="UsedIn" Val="implementation"/>
        <Attr Name="UsedIn" Val="simulation"/>
      </FileInfo>
    </File>
    <File Path="$PSRCDIR/sources_1/imports/new/num3.v">
      <FileInfo>
        <Attr Name="ImportPath" Val="$PPRDIR/../../../../../dell/Desktop/temp_proj/hdmi_num_test/hdmi_num_test.srcs/sources_1/new/num3.v"/>
        <Attr Name="ImportTime" Val="1563161536"/>
        <Attr Name="UsedIn" Val="synthesis"/>
        <Attr Name="UsedIn" Val="implementation"/>
        <Attr Name="UsedIn" Val="simulation"/>
      </FileInfo>
    </File>
    <File Path="$PSRCDIR/sources_1/imports/new/num4.v">
      <FileInfo>
        <Attr Name="ImportPath" Val="$PPRDIR/../../../../../dell/Desktop/temp_proj/hdmi_num_test/hdmi_num_test.srcs/sources_1/new/num4.v"/>
        <Attr Name="ImportTime" Val="1563161587"/>
        <Attr Name="UsedIn" Val="synthesis"/>
        <Attr Name="UsedIn" Val="implementation"/>
        <Attr Name="UsedIn" Val="simulation"/>
      </FileInfo>
    </File>
    <File Path="$PSRCDIR/sources_1/imports/new/num5.v">
      <FileInfo>
        <Attr Name="ImportPath" Val="$PPRDIR/../../../../../dell/Desktop/temp_proj/hdmi_num_test/hdmi_num_test.srcs/sources_1/new/num5.v"/>
        <Attr Name="ImportTime" Val="1563161637"/>
        <Attr Name="UsedIn" Val="synthesis"/>
        <Attr Name="UsedIn" Val="implementation"/>
        <Attr Name="UsedIn" Val="simulation"/>
      </FileInfo>
    </File>
    <File Path="$PSRCDIR/sources_1/imports/new/num6.v">
      <FileInfo>
        <Attr Name="ImportPath" Val="$PPRDIR/../../../../../dell/Desktop/temp_proj/hdmi_num_test/hdmi_num_test.srcs/sources_1/new/num6.v"/>
        <Attr Name="ImportTime" Val="1563161680"/>
        <Attr Name="UsedIn" Val="synthesis"/>
        <Attr Name="UsedIn" Val="implementation"/>
        <Attr Name="UsedIn" Val="simulation"/>
      </FileInfo>
    </File>
    <File Path="$PSRCDIR/sources_1/imports/new/num7.v">
      <FileInfo>
        <Attr Name="ImportPath" Val="$PPRDIR/../../../../../dell/Desktop/temp_proj/hdmi_num_test/hdmi_num_test.srcs/sources_1/new/num7.v"/>
        <Attr Name="ImportTime" Val="1563161714"/>
        <Attr Name="UsedIn" Val="synthesis"/>
        <Attr Name="UsedIn" Val="implementation"/>
        <Attr Name="UsedIn" Val="simulation"/>
      </FileInfo>
    </File>
    <File Path="$PSRCDIR/sources_1/imports/new/num8.v">
      <FileInfo>
        <Attr Name="ImportPath" Val="$PPRDIR/../../../../../dell/Desktop/temp_proj/hdmi_num_test/hdmi_num_test.srcs/sources_1/new/num8.v"/>
        <Attr Name="ImportTime" Val="1563161757"/>
        <Attr Name="UsedIn" Val="synthesis"/>
        <Attr Name="UsedIn" Val="implementation"/>
        <Attr Name="UsedIn" Val="simulation"/>
      </FileInfo>
    </File>
    <File Path="$PSRCDIR/sources_1/imports/new/num9.v">
      <FileInfo>
        <Attr Name="ImportPath" Val="$PPRDIR/../../../../../dell/Desktop/temp_proj/hdmi_num_test/hdmi_num_test.srcs/sources_1/new/num9.v"/>
        <Attr Name="ImportTime" Val="1563161798"/>
        <Attr Name="UsedIn" Val="synthesis"/>
        <Attr Name="UsedIn" Val="implementation"/>
        <Attr Name="UsedIn" Val="simulation"/>
      </FileInfo>
    </File>
    <File Path="$PSRCDIR/sources_1/new/rgb2gray.v">
      <FileInfo>
        <Attr Name="UsedIn" Val="synthesis"/>
        <Attr Name="UsedIn" Val="implementation"/>
        <Attr Name="UsedIn" Val="simulation"/>
      </FileInfo>
    </File>
    <File Path="$PSRCDIR/sources_1/new/rgb_test.v">
      <FileInfo>
        <Attr Name="UsedIn" Val="synthesis"/>
        <Attr Name="UsedIn" Val="implementation"/>
        <Attr Name="UsedIn" Val="simulation"/>
      </FileInfo>
    </File>
    <File Path="$PSRCDIR/sources_1/imports/new/rising_dection.v">
      <FileInfo>
        <Attr Name="ImportPath" Val="$PPRDIR/../../../../../dell/Desktop/temp_proj/recong_teste/recong_teste.srcs/sources_1/new/rising_dection.v"/>
        <Attr Name="ImportTime" Val="1563287281"/>
        <Attr Name="UsedIn" Val="synthesis"/>
        <Attr Name="UsedIn" Val="implementation"/>
        <Attr Name="UsedIn" Val="simulation"/>
      </FileInfo>
    </File>
    <File Path="$PSRCDIR/sources_1/imports/digital_recognition.v">
      <FileInfo>
        <Attr Name="ImportPath" Val="G:/digital_recognition.v"/>
        <Attr Name="ImportTime" Val="1563090914"/>
        <Attr Name="UsedIn" Val="synthesis"/>
        <Attr Name="UsedIn" Val="implementation"/>
        <Attr Name="UsedIn" Val="simulation"/>
      </FileInfo>
    </File>
    <File Path="$PSRCDIR/sources_1/imports/new/lcd_num.v">
      <FileInfo>
        <Attr Name="ImportPath" Val="$PPRDIR/../../../../../dell/Desktop/temp_proj/lcd/lcd.srcs/sources_1/new/lcd_num.v"/>
        <Attr Name="ImportTime" Val="1563239386"/>
        <Attr Name="UsedIn" Val="synthesis"/>
        <Attr Name="UsedIn" Val="implementation"/>
        <Attr Name="UsedIn" Val="simulation"/>
      </FileInfo>
    </File>
    <File Path="$PSRCDIR/sources_1/bd/system/system.bd">
      <FileInfo>
        <Attr Name="UsedIn" Val="synthesis"/>
        <Attr Name="UsedIn" Val="implementation"/>
        <Attr Name="UsedIn" Val="simulation"/>
      </FileInfo>
    </File>
    <File Path="$PSRCDIR/sources_1/bd/system/hdl/system_wrapper.v">
      <FileInfo>
        <Attr Name="UsedIn" Val="synthesis"/>
        <Attr Name="UsedIn" Val="implementation"/>
        <Attr Name="UsedIn" Val="simulation"/>
      </FileInfo>
    </File>
    <File Path="$PSRCDIR/sources_1/ip/blk_mem_gen_0.xcix">
      <FileInfo>
        <Attr Name="UsedIn" Val="synthesis"/>
        <Attr Name="UsedIn" Val="implementation"/>
        <Attr Name="UsedIn" Val="simulation"/>
      </FileInfo>
    </File>
    <File Path="$PSRCDIR/sources_1/ip/blk_mem_gen_1.xcix">
      <FileInfo>
        <Attr Name="UsedIn" Val="synthesis"/>
        <Attr Name="UsedIn" Val="implementation"/>
        <Attr Name="UsedIn" Val="simulation"/>
      </FileInfo>
    </File>
    <File Path="$PSDKDIR/spartan_cam/Release/spartan_cam.elf">
      <FileInfo>
        <Attr Name="UsedIn" Val="implementation"/>
        <Attr Name="ScopedToRef" Val="system"/>
        <Attr Name="ScopedToCell" Val="microblaze_0"/>
        <Attr Name="IsVisible" Val="1"/>
      </FileInfo>
    </File>
    <File Path="$PPRDIR/coe/0.coe">
      <FileInfo>
        <Attr Name="UsedIn" Val="synthesis"/>
        <Attr Name="UsedIn" Val="simulation"/>
      </FileInfo>
    </File>
    <File Path="$PPRDIR/coe/1.coe">
      <FileInfo>
        <Attr Name="UsedIn" Val="synthesis"/>
        <Attr Name="UsedIn" Val="simulation"/>
      </FileInfo>
    </File>
    <File Path="$PPRDIR/coe/2.coe">
      <FileInfo>
        <Attr Name="UsedIn" Val="synthesis"/>
        <Attr Name="UsedIn" Val="simulation"/>
      </FileInfo>
    </File>
    <File Path="$PPRDIR/coe/3.coe">
      <FileInfo>
        <Attr Name="UsedIn" Val="synthesis"/>
        <Attr Name="UsedIn" Val="simulation"/>
      </FileInfo>
    </File>
    <File Path="$PPRDIR/coe/4.coe">
      <FileInfo>
        <Attr Name="UsedIn" Val="synthesis"/>
        <Attr Name="UsedIn" Val="simulation"/>
      </FileInfo>
    </File>
    <File Path="$PPRDIR/coe/5.coe">
      <FileInfo>
        <Attr Name="UsedIn" Val="synthesis"/>
        <Attr Name="UsedIn" Val="simulation"/>
      </FileInfo>
    </File>
    <File Path="$PPRDIR/coe/6.coe">
      <FileInfo>
        <Attr Name="UsedIn" Val="synthesis"/>
        <Attr Name="UsedIn" Val="simulation"/>
      </FileInfo>
    </File>
    <File Path="$PPRDIR/coe/7.coe">
      <FileInfo>
        <Attr Name="UsedIn" Val="synthesis"/>
        <Attr Name="UsedIn" Val="simulation"/>
      </FileInfo>
    </File>
    <File Path="$PPRDIR/coe/8.coe">
      <FileInfo>
        <Attr Name="UsedIn" Val="synthesis"/>
        <Attr Name="UsedIn" Val="simulation"/>
      </FileInfo>
    </File>
    <File Path="$PPRDIR/coe/9.coe">
      <FileInfo>
        <Attr Name="UsedIn" Val="synthesis"/>
        <Attr Name="UsedIn" Val="simulation"/>
      </FileInfo>
    </File>
    <Config>
      <Option Name="DesignMode" Val="RTL"/>
      <Option Name="TopModule" Val="system_wrapper"/>
    </Config>
  </FileSet>
  <FileSet Name="constrs_in" Type="Constrs" RelSrcDir="$PSRCDIR/constrs_1">
    <Filter Type="Constrs"/>
    <File Path="$PSRCDIR/constrs_1/new/system.xdc">
      <FileInfo>
        <Attr Name="UsedIn" Val="synthesis"/>
        <Attr Name="UsedIn" Val="implementation"/>
      </FileInfo>
    </File>
    <Config>
      <Option Name="TargetConstrsFile" Val="$PSRCDIR/constrs_1/new/system.xdc"/>
      <Option Name="ConstrsType" Val="XDC"/>
    </Config>
  </FileSet>
  <FileSet Name="utils" Type="Utils" RelSrcDir="$PSRCDIR/utils_1">
    <Filter Type="Utils"/>
    <Config>
      <Option Name="TopAutoSet" Val="TRUE"/>
    </Config>
  </FileSet>
  <Strategy Version="1" Minor="2">
    <StratHandle Name="Vivado Synthesis Defaults" Flow="Vivado Synthesis 2018"/>
    <Step Id="synth_design"/>
  </Strategy>
  <BlockFileSet Type="BlockSrcs" Name="system_csi2_d_phy_rx_0_1"/>
  <BlockFileSet Type="BlockSrcs" Name="system_csi_to_axis_0_1"/>
  <BlockFileSet Type="BlockSrcs" Name="system_ilmb_bram_if_cntlr_0"/>
  <BlockFileSet Type="BlockSrcs" Name="system_dlmb_v10_0"/>
  <BlockFileSet Type="BlockSrcs" Name="system_xbar_0"/>
  <BlockFileSet Type="BlockSrcs" Name="system_dlmb_bram_if_cntlr_0"/>
  <BlockFileSet Type="BlockSrcs" Name="system_rgb2dvi_0_1"/>
  <BlockFileSet Type="BlockSrcs" Name="system_lcd_num_0_0"/>
  <BlockFileSet Type="BlockSrcs" Name="system_lmb_bram_0"/>
  <BlockFileSet Type="BlockSrcs" Name="system_axi_uartlite_0_0"/>
  <BlockFileSet Type="BlockSrcs" Name="system_microblaze_0_0"/>
  <BlockFileSet Type="BlockSrcs" Name="system_ilmb_v10_0"/>
  <BlockFileSet Type="BlockSrcs" Name="system_mdm_1_0"/>
  <BlockFileSet Type="BlockSrcs" Name="system_clk_wiz_1_0"/>
  <BlockFileSet Type="BlockSrcs" Name="system_clk_wiz_0_1"/>
  <BlockFileSet Type="BlockSrcs" Name="system_rst_clk_wiz_0_200M_0"/>
  <BlockFileSet Type="BlockSrcs" Name="system_axi_iic_0_0"/>
  <BlockFileSet Type="BlockSrcs" Name="system_digital_recognition_0_0"/>
  <BlockFileSet Type="BlockSrcs" Name="system_csi2dvp_0_0"/>
  <BlockFileSet Type="BlockSrcs" Name="system_rgb_test_0_1"/>
  <BlockFileSet Type="BlockSrcs" Name="system_bayer2rgb_0_0"/>
</GenRun>
